<mxGraphModel dx="1489" dy="818" grid="1" gridSize="10" guides="1" tooltips="1" connect="1" arrows="1" fold="1" page="1" pageScale="1" pageWidth="827" pageHeight="1169" math="0" shadow="0">
  <root>
    <mxCell id="0" />
    <mxCell id="1" parent="0" />
    <mxCell id="2" value="Горнолыжный курорт" style="shape=ellipse;whiteSpace=wrap;html=1;" parent="1" vertex="1">
      <mxGeometry x="260" y="80" width="160" height="60" as="geometry" />
    </mxCell>
    <mxCell id="3" value="Рестораны, столовые, магазины, пункты проката" style="shape=rectangle;whiteSpace=wrap;html=1;" parent="1" vertex="1">
      <mxGeometry x="20" y="200" width="220" height="80" as="geometry" />
    </mxCell>
    <mxCell id="4" value="Горнолыжные склоны, каток" style="shape=rectangle;whiteSpace=wrap;html=1;" parent="1" vertex="1">
      <mxGeometry x="260" y="200" width="220" height="80" as="geometry" />
    </mxCell>
    <mxCell id="5" value="Фототочка SmileFoto" style="shape=rectangle;whiteSpace=wrap;html=1;" parent="1" vertex="1">
      <mxGeometry x="500" y="200" width="220" height="80" as="geometry" />
    </mxCell>
    <mxCell id="6" value="Администраторы" style="shape=ellipse;whiteSpace=wrap;html=1;" parent="1" vertex="1">
      <mxGeometry x="20" y="380" width="100" height="60" as="geometry" />
    </mxCell>
    <mxCell id="7" value="Фотографы" style="shape=ellipse;whiteSpace=wrap;html=1;" parent="1" vertex="1">
      <mxGeometry x="260" y="380" width="100" height="60" as="geometry" />
    </mxCell>
    <mxCell id="8" value="Клиенты" style="shape=ellipse;whiteSpace=wrap;html=1;" parent="1" vertex="1">
      <mxGeometry x="500" y="380" width="100" height="60" as="geometry" />
    </mxCell>
    <mxCell id="9" value="Съемка фото и видео на склонах" style="shape=rectangle;whiteSpace=wrap;html=1;" parent="1" vertex="1">
      <mxGeometry x="260" y="500" width="220" height="80" as="geometry" />
    </mxCell>
    <mxCell id="10" value="Передача материалов на компьютер" style="shape=rectangle;whiteSpace=wrap;html=1;" parent="1" vertex="1">
      <mxGeometry x="20" y="500" width="220" height="80" as="geometry" />
    </mxCell>
    <mxCell id="11" value="Сортировка и распределение материалов" style="shape=rectangle;whiteSpace=wrap;html=1;" parent="1" vertex="1">
      <mxGeometry x="500" y="500" width="220" height="80" as="geometry" />
    </mxCell>
    <mxCell id="12" value="Просмотр и выбор материалов клиентами" style="shape=rectangle;whiteSpace=wrap;html=1;" parent="1" vertex="1">
      <mxGeometry x="260" y="620" width="220" height="80" as="geometry" />
    </mxCell>
    <mxCell id="13" value="Создание временного личного кабинета" style="shape=rectangle;whiteSpace=wrap;html=1;" parent="1" vertex="1">
      <mxGeometry x="20" y="620" width="220" height="80" as="geometry" />
    </mxCell>
    <mxCell id="14" value="Загрузка материалов в личный кабинет" style="shape=rectangle;whiteSpace=wrap;html=1;" parent="1" vertex="1">
      <mxGeometry x="500" y="620" width="220" height="80" as="geometry" />
    </mxCell>
    <mxCell id="15" value="Закрытие смены" style="shape=rectangle;whiteSpace=wrap;html=1;" parent="1" vertex="1">
      <mxGeometry x="260" y="740" width="220" height="80" as="geometry" />
    </mxCell>
    <mxCell id="16" value="Подсчет выручки и составление отчета" style="shape=rectangle;whiteSpace=wrap;html=1;" parent="1" vertex="1">
      <mxGeometry x="20" y="740" width="220" height="80" as="geometry" />
    </mxCell>
    <mxCell id="17" value="Отправка отчета менеджеру" style="shape=rectangle;whiteSpace=wrap;html=1;" parent="1" vertex="1">
      <mxGeometry x="500" y="740" width="220" height="80" as="geometry" />
    </mxCell>
    <mxCell id="18" source="2" target="3" />
    <mxCell id="19" source="2" target="4" />
    <mxCell id="20" source="2" target="5" />
    <mxCell id="21" source="3" target="6" />
    <mxCell id="22" source="4" target="7" />
    <mxCell id="23" source="5" target="8" />
    <mxCell id="24" source="7" target="9" />
    <mxCell id="25" source="9" target="10" />
    <mxCell id="26" source="10" target="11" />
    <mxCell id="27" source="11" target="12" />
    <mxCell id="28" source="8" target="12" />
    <mxCell id="29" source="12" target="13" />
    <mxCell id="30" source="13" target="14" />
    <mxCell id="31" source="14" target="15" />
    <mxCell id="32" source="15" target="16" />
    <mxCell id="33" source="16" target="17" />
  </root>
</mxGraphModel>
